,label
0,Biology
1,Earthquakes
2,Extinction
3,Earthquakes
4,Biotechnology
5,Biotechnology
6,Weather
7,New Species
8,Weather
9,Earthquakes
10,Weather
11,Climate
12,Animals
13,Geography
14,Animals
15,Microbes
16,Agriculture & Food
17,Animals
18,Hurricanes Cyclones
19,Endangered Animals
20,Agriculture & Food
21,Weather
22,Animals
23,Hurricanes Cyclones
24,Genetically Modified
25,Genetically Modified
26,Pollution
27,Weather
28,Agriculture & Food
29,Ozone Holes
30,Extinction
31,Biotechnology
32,Endangered Animals
33,Climate
34,Endangered Animals
35,Genetically Modified
36,Earthquakes
37,Climate
38,Agriculture & Food
39,Biology
40,Weather
41,Weather
42,Pollution
43,Earthquakes
44,Pollution
45,Biotechnology
46,Genetically Modified
47,Earthquakes
48,Microbes
49,Biology
50,Earthquakes
51,Animals
52,Earthquakes
53,Agriculture & Food
54,Agriculture & Food
55,Genetically Modified
56,Pollution
57,Pollution
58,Animals
59,Biotechnology
60,Geography
61,Endangered Animals
62,Weather
63,Genetically Modified
64,Earthquakes
65,Extinction
66,Endangered Animals
67,Animals
68,Weather
69,Genetically Modified
70,Animals
71,Weather
72,Endangered Animals
73,Biotechnology
74,Animals
75,Earthquakes
76,Microbes
77,Earthquakes
78,Earthquakes
79,Climate
80,Hurricanes Cyclones
81,Hurricanes Cyclones
82,Genetically Modified
83,Ozone Holes
84,Endangered Animals
85,Endangered Animals
86,Biology
87,Ozone Holes
88,Ozone Holes
89,Agriculture & Food
90,Geography
91,Earthquakes
92,Earthquakes
93,Weather
94,Microbes
95,New Species
96,Zoology
97,Environment
98,Animals
99,Biotechnology
100,Earthquakes
101,Genetically Modified
102,Agriculture & Food
103,Genetically Modified
104,Microbes
105,Hurricanes Cyclones
106,Microbes
107,Animals
108,Weather
109,Endangered Animals
110,Earthquakes
111,New Species
112,Earthquakes
113,Endangered Animals
114,New Species
115,Agriculture & Food
116,Earthquakes
117,New Species
118,Biology
119,Agriculture & Food
120,Pollution
121,Pollution
122,Endangered Animals
123,Earthquakes
124,Endangered Animals
125,Genetically Modified
126,Microbes
127,Biotechnology
128,Weather
129,Weather
130,Genetically Modified
131,Pollution
132,Earthquakes
133,Climate
134,Genetically Modified
135,Genetically Modified
136,Climate
137,Environment
138,Microbes
139,Hurricanes Cyclones
140,Weather
141,Genetically Modified
142,New Species
143,Agriculture & Food
144,Environment
145,Extinction
146,Earthquakes
147,Agriculture & Food
148,Climate
149,Climate
150,Earthquakes
151,Animals
152,Climate
153,Hurricanes Cyclones
154,Ozone Holes
155,Animals
156,Genetically Modified
157,Agriculture & Food
158,Endangered Animals
159,Biology
160,Pollution
161,Ozone Holes
162,Animals
163,Agriculture & Food
164,Endangered Animals
165,Endangered Animals
166,Climate
167,Biotechnology
168,Agriculture & Food
169,Ozone Holes
170,Animals
171,Hurricanes Cyclones
172,Pollution
173,Pollution
174,Hurricanes Cyclones
175,Genetically Modified
176,Weather
177,New Species
178,Earthquakes
179,Weather
180,Climate
181,Ozone Holes
182,Endangered Animals
183,Genetically Modified
184,Weather
185,Biotechnology
186,Climate
187,Genetically Modified
188,Biotechnology
189,Hurricanes Cyclones
190,Earthquakes
191,Microbes
192,Pollution
193,Climate
194,Weather
195,Endangered Animals
196,Endangered Animals
197,Ozone Holes
198,Climate
199,Geography
200,Earthquakes
201,Animals
202,Genetically Modified
203,Endangered Animals
204,Pollution
205,Weather
206,New Species
207,Microbes
208,Biology
209,Animals
210,Animals
211,Pollution
212,Biotechnology
213,Earthquakes
214,Extinction
215,Pollution
216,Ozone Holes
217,Pollution
218,Animals
219,Animals
220,Endangered Animals
221,Climate
222,Agriculture & Food
223,Animals
224,Pollution
225,Ozone Holes
226,Endangered Animals
227,Biology
228,Earthquakes
229,Earthquakes
230,Pollution
231,Endangered Animals
232,Microbes
233,Hurricanes Cyclones
234,Animals
235,Ozone Holes
236,Geography
237,Pollution
238,Geography
239,Environment
240,Genetically Modified
241,Biotechnology
242,Endangered Animals
243,Genetically Modified
244,Pollution
245,Pollution
246,Pollution
247,Agriculture & Food
248,Agriculture & Food
249,Biology
250,Animals
251,Agriculture & Food
252,Microbes
253,Animals
254,Earthquakes
255,Microbes
256,Agriculture & Food
257,Earthquakes
258,Climate
259,Climate
260,Climate
261,Earthquakes
262,Agriculture & Food
263,Endangered Animals
264,Ozone Holes
265,Weather
266,Earthquakes
267,Endangered Animals
268,Biotechnology
269,New Species
270,Animals
271,Earthquakes
272,Animals
273,New Species
274,Weather
275,Geography
276,Weather
277,Earthquakes
278,Geography
279,Biology
280,Endangered Animals
281,Pollution
282,Earthquakes
283,Genetically Modified
284,Ozone Holes
285,Weather
286,Environment
287,Genetically Modified
288,Weather
289,Animals
290,Genetically Modified
291,Hurricanes Cyclones
292,Agriculture & Food
293,Pollution
294,Pollution
295,Microbes
296,Agriculture & Food
297,Climate
298,Biotechnology
299,Weather
300,Hurricanes Cyclones
301,Pollution
302,Weather
303,Climate
304,Microbes
305,Genetically Modified
306,Genetically Modified
307,Ozone Holes
308,Endangered Animals
309,Environment
310,Genetically Modified
311,Ozone Holes
312,Zoology
313,Ozone Holes
314,Animals
315,Biotechnology
316,Ozone Holes
317,Endangered Animals
318,Hurricanes Cyclones
319,Climate
320,Animals
321,Extinction
322,Endangered Animals
323,Weather
324,Agriculture & Food
325,Agriculture & Food
326,Ozone Holes
327,Endangered Animals
328,Endangered Animals
329,Genetically Modified
330,Biotechnology
331,Animals
332,Agriculture & Food
333,Biology
334,Earthquakes
335,Animals
336,Pollution
337,New Species
338,Earthquakes
339,Climate
340,Pollution
341,Weather
342,New Species
343,Hurricanes Cyclones
344,Animals
345,Earthquakes
346,Genetically Modified
347,Hurricanes Cyclones
348,Agriculture & Food
349,Weather
350,Weather
351,Earthquakes
352,Animals
353,Animals
354,Pollution
355,Agriculture & Food
356,Agriculture & Food
357,Earthquakes
358,Agriculture & Food
359,Earthquakes
360,Genetically Modified
361,Earthquakes
362,Extinction
363,Hurricanes Cyclones
364,Agriculture & Food
365,Climate
366,Agriculture & Food
367,Biotechnology
368,Ozone Holes
369,Animals
370,Genetically Modified
371,Environment
372,Genetically Modified
373,Geography
374,Genetically Modified
375,Earthquakes
376,Hurricanes Cyclones
377,Weather
378,Animals
379,Genetically Modified
380,Agriculture & Food
381,Endangered Animals
382,Pollution
383,Pollution
384,Hurricanes Cyclones
385,Agriculture & Food
386,New Species
387,Agriculture & Food
388,Weather
389,Pollution
390,Agriculture & Food
391,Animals
392,Animals
393,Endangered Animals
394,Animals
395,Climate
396,Genetically Modified
397,Pollution
398,Extinction
399,Biotechnology
400,Earthquakes
401,New Species
402,New Species
403,Climate
404,Animals
405,Hurricanes Cyclones
406,Animals
407,Ozone Holes
408,Climate
409,Genetically Modified
410,Hurricanes Cyclones
411,Agriculture & Food
412,Animals
413,Genetically Modified
414,Earthquakes
415,Microbes
416,Endangered Animals
417,Biotechnology
418,Hurricanes Cyclones
419,Environment
420,Animals
421,Pollution
422,Hurricanes Cyclones
423,Weather
424,Animals
425,Agriculture & Food
426,Pollution
427,Ozone Holes
428,Pollution
429,Ozone Holes
430,Extinction
431,Genetically Modified
432,Hurricanes Cyclones
433,Agriculture & Food
434,Endangered Animals
435,Earthquakes
436,Ozone Holes
437,Ozone Holes
438,Hurricanes Cyclones
439,Zoology
440,Animals
441,Biotechnology
442,Geography
443,Endangered Animals
444,Endangered Animals
445,Biology
446,Pollution
447,Extinction
448,Ozone Holes
449,Agriculture & Food
450,New Species
451,Animals
452,Zoology
453,Genetically Modified
454,Pollution
455,Ozone Holes
456,New Species
457,Endangered Animals
458,Biotechnology
459,Weather
460,Geography
461,Agriculture & Food
462,New Species
463,Agriculture & Food
464,Geography
465,Earthquakes
466,Earthquakes
467,Weather
468,Earthquakes
469,Climate
470,New Species
471,Ozone Holes
472,Environment
473,Earthquakes
474,Ozone Holes
475,Animals
476,Animals
477,Biotechnology
478,Microbes
479,Hurricanes Cyclones
480,Geography
481,Earthquakes
482,Weather
483,New Species
484,Earthquakes
485,Climate
486,Biology
487,New Species
488,Hurricanes Cyclones
489,Environment
490,Agriculture & Food
491,Animals
492,Hurricanes Cyclones
493,Microbes
494,Pollution
495,Agriculture & Food
496,Agriculture & Food
497,Hurricanes Cyclones
498,Zoology
499,New Species
500,Microbes
501,Animals
502,Weather
503,Genetically Modified
504,Endangered Animals
505,Pollution
506,New Species
507,Genetically Modified
508,Environment
509,Earthquakes
510,Animals
511,Geography
512,New Species
513,Environment
514,Agriculture & Food
515,Environment
516,Environment
517,Hurricanes Cyclones
518,Genetically Modified
519,Animals
520,Biotechnology
521,Ozone Holes
522,Genetically Modified
523,Animals
524,Hurricanes Cyclones
525,Animals
526,Weather
527,Hurricanes Cyclones
528,Agriculture & Food
529,Ozone Holes
530,Biotechnology
531,Biotechnology
532,Endangered Animals
533,Hurricanes Cyclones
534,Weather
535,Genetically Modified
536,Endangered Animals
537,Endangered Animals
538,Earthquakes
539,Zoology
540,Hurricanes Cyclones
541,Endangered Animals
542,Agriculture & Food
543,Earthquakes
544,Pollution
545,Animals
546,Biology
547,Animals
548,Weather
549,Environment
550,Weather
551,Biology
552,Biotechnology
553,Weather
554,Agriculture & Food
555,Extinction
556,Environment
557,Agriculture & Food
558,Agriculture & Food
559,Endangered Animals
560,Biology
561,Hurricanes Cyclones
562,Earthquakes
563,Pollution
564,Environment
565,Extinction
566,Endangered Animals
567,Pollution
568,Agriculture & Food
569,Weather
570,Pollution
571,Endangered Animals
572,Agriculture & Food
573,Pollution
574,Genetically Modified
575,Agriculture & Food
576,Extinction
577,Endangered Animals
578,Biotechnology
579,Weather
580,Endangered Animals
581,Endangered Animals
582,Earthquakes
583,Endangered Animals
584,Weather
585,Climate
586,Environment
587,Geography
588,Genetically Modified
589,Hurricanes Cyclones
590,Endangered Animals
591,Biotechnology
592,Animals
593,Genetically Modified
594,Ozone Holes
595,Pollution
596,Pollution
597,Earthquakes
598,Climate
599,Endangered Animals
600,Weather
601,Agriculture & Food
602,Endangered Animals
603,Pollution
604,New Species
605,Genetically Modified
606,Animals
607,Biotechnology
608,Weather
609,Microbes
610,Ozone Holes
611,Agriculture & Food
612,Genetically Modified
613,Animals
614,Animals
615,Pollution
616,Genetically Modified
617,Biology
618,Weather
619,Hurricanes Cyclones
620,Hurricanes Cyclones
621,Climate
622,Climate
623,Environment
624,Endangered Animals
625,Hurricanes Cyclones
626,New Species
627,Pollution
628,Climate
629,Geography
630,Agriculture & Food
631,Climate
632,Ozone Holes
633,Earthquakes
634,Earthquakes
635,Environment
636,Weather
637,Animals
638,Climate
639,Agriculture & Food
640,Agriculture & Food
641,Animals
642,Earthquakes
643,Hurricanes Cyclones
644,Endangered Animals
645,Agriculture & Food
646,Biotechnology
647,Agriculture & Food
648,Genetically Modified
649,Agriculture & Food
650,Agriculture & Food
651,Agriculture & Food
652,Endangered Animals
653,Microbes
654,Animals
655,Extinction
656,Microbes
657,Animals
658,Earthquakes
659,Pollution
660,Pollution
661,Endangered Animals
662,Pollution
663,Ozone Holes
664,Genetically Modified
665,Animals
666,Biotechnology
667,Endangered Animals
668,Animals
669,Weather
670,Weather
671,Extinction
672,Earthquakes
673,New Species
674,Animals
675,Endangered Animals
676,Pollution
677,Earthquakes
678,Earthquakes
679,Weather
680,Earthquakes
681,Pollution
682,Animals
683,Environment
684,Animals
685,New Species
686,Genetically Modified
687,Genetically Modified
688,Agriculture & Food
689,Pollution
690,Animals
691,Biotechnology
692,Hurricanes Cyclones
693,Animals
694,Biotechnology
695,Biology
696,Genetically Modified
697,Endangered Animals
698,Pollution
699,Genetically Modified
700,Biology
701,Extinction
702,Genetically Modified
703,Pollution
704,Animals
705,Climate
706,Microbes
707,Weather
708,Extinction
709,Climate
710,Earthquakes
711,Biology
712,Weather
713,Endangered Animals
714,Earthquakes
715,Agriculture & Food
716,Genetically Modified
717,Environment
718,Weather
719,Biotechnology
720,Environment
721,Environment
722,Microbes
723,Geography
724,Endangered Animals
725,Biotechnology
726,Weather
727,Biotechnology
728,Endangered Animals
729,Geography
730,Pollution
731,Earthquakes
732,Pollution
733,Weather
734,Endangered Animals
735,Microbes
736,Animals
737,Animals
738,Earthquakes
739,Weather
740,Extinction
741,Biotechnology
742,Agriculture & Food
743,Biotechnology
744,Pollution
745,Endangered Animals
746,Ozone Holes
747,Biotechnology
748,Animals
749,Ozone Holes
750,Microbes
751,Pollution
752,Geography
753,Pollution
754,Agriculture & Food
755,Hurricanes Cyclones
756,Earthquakes
757,Agriculture & Food
758,Earthquakes
759,Genetically Modified
760,Climate
761,Microbes
762,Extinction
763,Ozone Holes
764,Environment
765,Hurricanes Cyclones
766,Climate
767,Hurricanes Cyclones
768,Ozone Holes
769,Hurricanes Cyclones
770,Earthquakes
771,Endangered Animals
772,Ozone Holes
773,Environment
774,Biotechnology
775,Hurricanes Cyclones
776,Climate
777,Endangered Animals
778,Biotechnology
779,Hurricanes Cyclones
780,Hurricanes Cyclones
781,Endangered Animals
782,New Species
783,Endangered Animals
784,Endangered Animals
785,Environment
786,Hurricanes Cyclones
787,Earthquakes
788,Agriculture & Food
789,Hurricanes Cyclones
790,Animals
791,Microbes
792,Earthquakes
793,Pollution
794,Genetically Modified
795,Weather
796,Ozone Holes
797,Earthquakes
798,Microbes
799,Ozone Holes
800,Climate
801,Hurricanes Cyclones
802,Microbes
803,Endangered Animals
804,Weather
805,Endangered Animals
806,Earthquakes
807,Animals
808,Animals
809,Genetically Modified
810,Earthquakes
811,Ozone Holes
812,Biotechnology
813,Weather
814,Pollution
815,New Species
816,Pollution
817,Environment
818,Genetically Modified
819,Hurricanes Cyclones
820,Biology
821,Biology
822,Pollution
823,Genetically Modified
824,Climate
825,Climate
826,Environment
827,Genetically Modified
828,Genetically Modified
829,Endangered Animals
830,Hurricanes Cyclones
831,Animals
832,New Species
833,Animals
834,Agriculture & Food
835,Endangered Animals
836,Agriculture & Food
837,Environment
838,Weather
839,Climate
840,Hurricanes Cyclones
841,Biotechnology
842,Weather
843,Pollution
844,Animals
845,Pollution
846,Pollution
847,Pollution
848,Genetically Modified
849,Weather
850,Animals
851,Animals
852,Climate
853,Earthquakes
854,Earthquakes
855,Weather
856,Microbes
857,Ozone Holes
858,Climate
859,Genetically Modified
860,Endangered Animals
861,Earthquakes
862,Agriculture & Food
863,Environment
864,Biology
865,Animals
866,Genetically Modified
867,Ozone Holes
868,Biology
869,Animals
870,Pollution
871,Agriculture & Food
872,Biotechnology
873,Zoology
874,Climate
875,Biology
876,Agriculture & Food
877,Extinction
878,Endangered Animals
879,New Species
880,Environment
881,Hurricanes Cyclones
882,Microbes
883,Pollution
884,Genetically Modified
885,Biotechnology
886,Animals
887,Earthquakes
888,Hurricanes Cyclones
889,Endangered Animals
890,Climate
891,Weather
892,Pollution
893,Geography
894,Genetically Modified
895,Weather
896,Biology
897,Endangered Animals
898,Pollution
899,Extinction
900,Ozone Holes
901,Endangered Animals
902,Animals
903,Biotechnology
904,Earthquakes
905,Pollution
906,Weather
907,Biotechnology
908,Earthquakes
909,Pollution
910,Climate
911,Hurricanes Cyclones
912,Weather
913,Agriculture & Food
914,Ozone Holes
915,New Species
916,Earthquakes
917,Animals
918,Endangered Animals
919,Microbes
920,Earthquakes
921,Genetically Modified
922,Earthquakes
923,Pollution
924,Endangered Animals
925,Endangered Animals
926,Genetically Modified
927,Genetically Modified
928,Biotechnology
929,Weather
930,Microbes
931,Hurricanes Cyclones
932,Animals
933,New Species
934,Earthquakes
935,Pollution
936,Animals
937,Genetically Modified
938,Ozone Holes
939,Climate
940,Genetically Modified
941,Weather
942,Pollution
943,Genetically Modified
944,Genetically Modified
945,Pollution
946,Climate
947,Pollution
948,Pollution
949,Endangered Animals
950,New Species
951,Agriculture & Food
952,Agriculture & Food
953,Genetically Modified
954,Ozone Holes
955,Ozone Holes
956,Environment
957,Extinction
958,Weather
959,Climate
960,Ozone Holes
961,Weather
962,Genetically Modified
963,Endangered Animals
964,Animals
965,Weather
966,Endangered Animals
967,Genetically Modified
968,Environment
969,New Species
970,Animals
971,Genetically Modified
972,Earthquakes
973,Agriculture & Food
974,Environment
975,Earthquakes
976,Weather
977,Pollution
978,Animals
979,Zoology
980,Pollution
981,Hurricanes Cyclones
982,Pollution
983,Extinction
984,Geography
985,Agriculture & Food
986,Extinction
987,Hurricanes Cyclones
988,Animals
989,Endangered Animals
990,Pollution
991,Climate
992,Genetically Modified
993,Animals
994,Genetically Modified
995,Weather
996,Ozone Holes
997,Biology
998,Agriculture & Food
999,Climate
1000,Agriculture & Food
1001,Hurricanes Cyclones
1002,Geography
1003,Pollution
1004,Agriculture & Food
1005,Pollution
1006,Environment
1007,Weather
1008,Hurricanes Cyclones
1009,Climate
1010,Genetically Modified
1011,Extinction
1012,Biotechnology
1013,Microbes
1014,New Species
1015,Hurricanes Cyclones
1016,Weather
1017,Genetically Modified
1018,Agriculture & Food
1019,Earthquakes
1020,Environment
1021,Extinction
1022,Genetically Modified
1023,Weather
1024,Earthquakes
1025,Hurricanes Cyclones
1026,Biology
1027,Endangered Animals
1028,Weather
1029,Earthquakes
1030,Hurricanes Cyclones
1031,Agriculture & Food
1032,Hurricanes Cyclones
1033,Endangered Animals
1034,Genetically Modified
1035,Climate
1036,New Species
1037,Hurricanes Cyclones
1038,Endangered Animals
1039,Genetically Modified
1040,Endangered Animals
1041,Endangered Animals
1042,Pollution
1043,Microbes
1044,New Species
1045,Earthquakes
1046,Ozone Holes
1047,Animals
1048,Animals
1049,Earthquakes
1050,Extinction
1051,Ozone Holes
1052,Genetically Modified
1053,Genetically Modified
1054,Biology
1055,Climate
1056,Earthquakes
1057,Ozone Holes
1058,Endangered Animals
1059,Animals
1060,Earthquakes
1061,Agriculture & Food
1062,Animals
1063,Agriculture & Food
1064,Endangered Animals
1065,Microbes
1066,Climate
1067,Agriculture & Food
1068,Genetically Modified
1069,Agriculture & Food
1070,Hurricanes Cyclones
1071,Climate
1072,Earthquakes
1073,Biology
1074,Weather
1075,Earthquakes
1076,Geography
1077,Hurricanes Cyclones
1078,Pollution
1079,Agriculture & Food
1080,Biotechnology
1081,Pollution
1082,Climate
1083,New Species
1084,Hurricanes Cyclones
1085,Pollution
1086,Climate
1087,Earthquakes
1088,Weather
1089,Biology
1090,Zoology
1091,Genetically Modified
1092,Animals
1093,Weather
1094,Pollution
1095,Genetically Modified
1096,Hurricanes Cyclones
1097,Agriculture & Food
1098,Earthquakes
1099,Climate
1100,New Species
1101,Biology
1102,Weather
1103,Biology
1104,Earthquakes
1105,Weather
1106,Agriculture & Food
1107,Endangered Animals
1108,Geography
1109,Microbes
1110,Ozone Holes
1111,Weather
1112,Climate
1113,Pollution
1114,Animals
1115,Pollution
1116,Biology
1117,Earthquakes
1118,Agriculture & Food
1119,Animals
1120,Hurricanes Cyclones
1121,Biology
1122,Hurricanes Cyclones
1123,Hurricanes Cyclones
1124,Animals
1125,Endangered Animals
1126,Earthquakes
1127,Hurricanes Cyclones
1128,Hurricanes Cyclones
1129,Earthquakes
1130,New Species
1131,Agriculture & Food
1132,Endangered Animals
1133,Genetically Modified
1134,Hurricanes Cyclones
1135,Hurricanes Cyclones
1136,Agriculture & Food
1137,Earthquakes
1138,Earthquakes
1139,Ozone Holes
1140,Weather
1141,Weather
1142,New Species
1143,Hurricanes Cyclones
1144,Zoology
1145,Weather
1146,Weather
1147,Weather
1148,Ozone Holes
1149,Endangered Animals
1150,Hurricanes Cyclones
1151,Agriculture & Food
1152,Animals
1153,Weather
